{
  "instrumentId": "USDJPY",
  "dayKey": "2025-10-29",
  "dailyOpen": null,
  "asiaHi": 152.346,
  "asiaLo": 152.26049999999998,
  "asiaDone": true,
  "prevDayHigh": null,
  "prevDayLow": null,
  "todayHigh": 152.346,
  "todayLow": 152.26049999999998,
  "savedAt": 1761728461150
}